Date,EURUSD
2016.11.24 13:16,1.0568
2016.11.24 13:16,1.0568
2016.11.24 13:16,1.0568
2016.11.24 13:16,1.0568
2016.11.24 13:16,1.0569
2016.11.24 13:16,1.0569
2016.11.24 13:16,1.0569
2016.11.24 13:16,1.0569
2016.11.24 13:16,1.0569
2016.11.24 13:16,1.0569
2016.11.24 13:16,1.0569
2016.11.24 13:16,1.0569
2016.11.24 13:16,1.0569
2016.11.24 13:16,1.0569
2016.11.24 13:16,1.0569
2016.11.24 13:16,1.0569
2016.11.24 13:16,1.0569
2016.11.24 13:16,1.0569
2016.11.24 13:16,1.0569
2016.11.24 13:16,1.0569
2016.11.24 13:16,1.0569
2016.11.24 13:16,1.0569
2016.11.24 13:16,1.0569
2016.11.24 12:46,1.0569
2016.11.24 12:46,1.0568
2016.11.24 12:46,1.0577
2016.11.24 12:46,1.057
2016.11.24 12:10,1.057
2016.11.24 12:10,1.0549
2016.11.24 12:10,1.057
2016.11.24 12:10,1.0562
2016.11.24 11:33,1.0562
2016.11.24 11:33,1.056
2016.11.24 11:33,1.0578
2016.11.24 11:33,1.0563
2016.11.24 10:57,1.0563
2016.11.24 10:57,1.0552
2016.11.24 10:57,1.0578
2016.11.24 10:57,1.0554
2016.11.24 10:20,1.0554
2016.11.24 10:20,1.0532
2016.11.24 10:20,1.0569
2016.11.24 10:20,1.0537
2016.11.24 09:44,1.0537
2016.11.24 09:44,1.0518
2016.11.24 09:44,1.0541
2016.11.24 09:44,1.0527
2016.11.24 09:07,1.0527
2016.11.24 09:07,1.052
2016.11.24 09:07,1.055
2016.11.24 09:07,1.054
2016.11.24 08:31,1.054
2016.11.24 08:31,1.0538
2016.11.24 08:31,1.0544
2016.11.24 08:31,1.0542
2016.11.24 07:54,1.0542
2016.11.24 07:54,1.0542
2016.11.24 07:54,1.0548
2016.11.24 07:54,1.0548
2016.11.24 07:18,1.0548
2016.11.24 07:18,1.0541
2016.11.24 07:18,1.055
2016.11.24 07:18,1.0543
2016.11.24 06:41,1.0543
2016.11.24 06:41,1.0539
2016.11.24 06:41,1.0547
2016.11.24 06:41,1.0539
2016.11.24 06:05,1.0539
2016.11.24 06:05,1.0533
2016.11.24 06:05,1.0542
2016.11.24 06:05,1.0534
2016.11.24 05:28,1.0534
2016.11.24 05:28,1.0527
2016.11.24 05:28,1.0537
2016.11.24 05:28,1.0528
2016.11.24 04:52,1.0528
2016.11.24 04:52,1.0525
2016.11.24 04:52,1.0532
2016.11.24 04:52,1.0531
2016.11.24 04:15,1.0531
2016.11.24 04:15,1.0528
2016.11.24 04:15,1.0536
2016.11.24 04:15,1.0534
2016.11.24 03:39,1.0534
2016.11.24 03:39,1.0533
2016.11.24 03:39,1.0544
2016.11.24 03:39,1.054
2016.11.24 03:02,1.054
2016.11.24 03:02,1.0532
2016.11.24 03:02,1.0543
2016.11.24 03:02,1.0538
2016.11.24 02:26,1.0538
2016.11.24 02:26,1.0535
2016.11.24 02:26,1.0545
2016.11.24 02:26,1.0538
2016.11.24 01:49,1.0538
2016.11.24 01:49,1.0533
2016.11.24 01:49,1.0545
2016.11.24 01:49,1.0545
2016.11.24 01:13,1.0545
2016.11.24 01:13,1.0538
2016.11.24 01:13,1.0548
2016.11.24 01:13,1.0548
2016.11.24 00:36,1.0548
2016.11.24 00:36,1.0545
2016.11.24 00:36,1.0553
2016.11.24 00:36,1.0552
2016.11.24 00:00,1.0552
2016.11.24 00:00,1.0547
2016.11.24 00:00,1.0556
2016.11.24 00:00,1.0553
2016.11.23 23:43,1.0553
2016.11.23 23:43,1.0549
2016.11.23 23:43,1.0553
2016.11.23 23:43,1.0549
2016.11.23 23:07,1.0549
2016.11.23 23:07,1.0549
2016.11.23 23:07,1.0554
2016.11.23 23:07,1.0553
2016.11.23 22:30,1.0553
2016.11.23 22:30,1.055
2016.11.23 22:30,1.0557
2016.11.23 22:30,1.0557
2016.11.23 21:54,1.0557
2016.11.23 21:54,1.0547
2016.11.23 21:54,1.0557
2016.11.23 21:54,1.0552
2016.11.23 21:17,1.0552
2016.11.23 21:17,1.0542
2016.11.23 21:17,1.0559
2016.11.23 21:17,1.0555
2016.11.23 20:41,1.0555
2016.11.23 20:41,1.0538
2016.11.23 20:41,1.0563
2016.11.23 20:41,1.0562
2016.11.23 20:04,1.0562
2016.11.23 20:04,1.0555
2016.11.23 20:04,1.0564
2016.11.23 20:04,1.0557
2016.11.23 19:28,1.0557
2016.11.23 19:28,1.0554
2016.11.23 19:28,1.0566
2016.11.23 19:28,1.056
2016.11.23 18:51,1.056
2016.11.23 18:51,1.055
2016.11.23 18:51,1.056
2016.11.23 18:51,1.0556
2016.11.23 18:15,1.0556
2016.11.23 18:15,1.0541
2016.11.23 18:15,1.0566
2016.11.23 18:15,1.0547
2016.11.23 17:38,1.0547
2016.11.23 17:38,1.0527
2016.11.23 17:38,1.0549
2016.11.23 17:38,1.0535
2016.11.23 17:02,1.0535
2016.11.23 17:02,1.0526
2016.11.23 17:02,1.0555
2016.11.23 17:02,1.0555
2016.11.23 16:25,1.0555
2016.11.23 16:25,1.0542
2016.11.23 16:25,1.0561
2016.11.23 16:25,1.0551
2016.11.23 15:49,1.0551
2016.11.23 15:49,1.0541
2016.11.23 15:49,1.0574
2016.11.23 15:49,1.0569
2016.11.23 15:12,1.0569
2016.11.23 15:12,1.0562
2016.11.23 15:12,1.0604
2016.11.23 15:12,1.0602
2016.11.23 14:36,1.0602
2016.11.23 14:36,1.0602
2016.11.23 14:36,1.0623
2016.11.23 14:36,1.0614
2016.11.23 13:59,1.0614
2016.11.23 13:59,1.0612
2016.11.23 13:59,1.0624
2016.11.23 13:59,1.0623
2016.11.23 13:23,1.0623
2016.11.23 13:23,1.0622
2016.11.23 13:23,1.0636
2016.11.23 13:23,1.0633
2016.11.23 12:46,1.0633
2016.11.23 12:46,1.0618
2016.11.23 12:46,1.0637
2016.11.23 12:46,1.0628
2016.11.23 12:10,1.0628
2016.11.23 12:10,1.0606
2016.11.23 12:10,1.0631
2016.11.23 12:10,1.0606
2016.11.23 11:33,1.0606
2016.11.23 11:33,1.0605
2016.11.23 11:33,1.0616
2016.11.23 11:33,1.0608
2016.11.23 10:57,1.0608
2016.11.23 10:57,1.06
2016.11.23 10:57,1.0614
2016.11.23 10:57,1.061
2016.11.23 10:20,1.061
2016.11.23 10:20,1.0607
2016.11.23 10:20,1.0623
2016.11.23 10:20,1.0621
2016.11.23 09:44,1.0621
2016.11.23 09:44,1.0616
2016.11.23 09:44,1.0634
2016.11.23 09:44,1.0632
2016.11.23 09:07,1.0632
2016.11.23 09:07,1.0631
2016.11.23 09:07,1.0644
2016.11.23 09:07,1.0643
2016.11.23 08:31,1.0643
2016.11.23 08:31,1.063
2016.11.23 08:31,1.0644
2016.11.23 08:31,1.0631
2016.11.23 07:54,1.0631
2016.11.23 07:54,1.0627
2016.11.23 07:54,1.0632
2016.11.23 07:54,1.0629
2016.11.23 07:18,1.0629
2016.11.23 07:18,1.0627
2016.11.23 07:18,1.063
2016.11.23 07:18,1.0627
2016.11.23 06:41,1.0627
2016.11.23 06:41,1.0622
2016.11.23 06:41,1.063
2016.11.23 06:41,1.0622
2016.11.23 06:05,1.0622
2016.11.23 06:05,1.0621
2016.11.23 06:05,1.0626
2016.11.23 06:05,1.0625
2016.11.23 05:28,1.0625
2016.11.23 05:28,1.062
2016.11.23 05:28,1.0627
2016.11.23 05:28,1.0626
2016.11.23 04:52,1.0626
2016.11.23 04:52,1.0623
2016.11.23 04:52,1.0631
2016.11.23 04:52,1.0629
2016.11.23 04:15,1.0629
2016.11.23 04:15,1.0626
2016.11.23 04:15,1.063
2016.11.23 04:15,1.0628
2016.11.23 03:39,1.0628
2016.11.23 03:39,1.0624
2016.11.23 03:39,1.0628
2016.11.23 03:39,1.0625
2016.11.23 03:02,1.0625
2016.11.23 03:02,1.0622
2016.11.23 03:02,1.0631
2016.11.23 03:02,1.0623
2016.11.23 02:26,1.0623
2016.11.23 02:26,1.0622
2016.11.23 02:26,1.0632
2016.11.23 02:26,1.0632
2016.11.23 01:49,1.0632
2016.11.23 01:49,1.0631
2016.11.23 01:49,1.0635
2016.11.23 01:49,1.0633
2016.11.23 01:13,1.0633
2016.11.23 01:13,1.0628
2016.11.23 01:13,1.0633
2016.11.23 01:13,1.0632
2016.11.23 00:36,1.0632
2016.11.23 00:36,1.0623
2016.11.23 00:36,1.0632
2016.11.23 00:36,1.0627
2016.11.23 00:00,1.0627
2016.11.23 00:00,1.0625
2016.11.23 00:00,1.0629
2016.11.23 00:00,1.0627
2016.11.22 23:43,1.0627
2016.11.22 23:43,1.0626
2016.11.22 23:43,1.063
2016.11.22 23:43,1.0627
2016.11.22 23:07,1.0627
2016.11.22 23:07,1.0624
2016.11.22 23:07,1.0629
2016.11.22 23:07,1.0628
2016.11.22 22:30,1.0628
2016.11.22 22:30,1.0619
2016.11.22 22:30,1.0629
2016.11.22 22:30,1.0626
2016.11.22 21:54,1.0626
2016.11.22 21:54,1.0619
2016.11.22 21:54,1.0627
2016.11.22 21:54,1.062
2016.11.22 21:17,1.062
2016.11.22 21:17,1.0614
2016.11.22 21:17,1.0622
2016.11.22 21:17,1.0619
2016.11.22 20:41,1.0619
2016.11.22 20:41,1.0611
2016.11.22 20:41,1.0622
2016.11.22 20:41,1.0613
2016.11.22 20:04,1.0613
2016.11.22 20:04,1.0612
2016.11.22 20:04,1.0625
2016.11.22 20:04,1.0623
2016.11.22 19:28,1.0623
2016.11.22 19:28,1.0621
2016.11.22 19:28,1.0628
2016.11.22 19:28,1.0624
2016.11.22 18:51,1.0624
2016.11.22 18:51,1.0615
2016.11.22 18:51,1.0639
2016.11.22 18:51,1.0618
2016.11.22 18:15,1.0618
2016.11.22 18:15,1.0608
2016.11.22 18:15,1.0625
2016.11.22 18:15,1.0609
2016.11.22 17:38,1.0609
2016.11.22 17:38,1.0584
2016.11.22 17:38,1.0617
2016.11.22 17:38,1.0587
2016.11.22 17:02,1.0587
2016.11.22 17:02,1.0584
2016.11.22 17:02,1.0623
2016.11.22 17:02,1.0618
2016.11.22 16:25,1.0618
2016.11.22 16:25,1.0615
2016.11.22 16:25,1.0626
2016.11.22 16:25,1.0622
2016.11.22 15:49,1.0622
2016.11.22 15:49,1.061
2016.11.22 15:49,1.0627
2016.11.22 15:49,1.061
2016.11.22 15:12,1.061
2016.11.22 15:12,1.0604
2016.11.22 15:12,1.0621
2016.11.22 15:12,1.0618
2016.11.22 14:36,1.0618
2016.11.22 14:36,1.0605
2016.11.22 14:36,1.0622
2016.11.22 14:36,1.062
2016.11.22 13:59,1.062
2016.11.22 13:59,1.0618
2016.11.22 13:59,1.0631
2016.11.22 13:59,1.063
2016.11.22 13:23,1.063
2016.11.22 13:23,1.0628
2016.11.22 13:23,1.0644
2016.11.22 13:23,1.0638
2016.11.22 12:46,1.0638
2016.11.22 12:46,1.0626
2016.11.22 12:46,1.0638
2016.11.22 12:46,1.0634
2016.11.22 12:10,1.0634
2016.11.22 12:10,1.063
2016.11.22 12:10,1.0649
2016.11.22 12:10,1.0648
2016.11.22 11:33,1.0648
2016.11.22 11:33,1.0641
2016.11.22 11:33,1.0658
2016.11.22 11:33,1.065
2016.11.22 10:57,1.065
2016.11.22 10:57,1.0636
2016.11.22 10:57,1.0658
2016.11.22 10:57,1.0638
2016.11.22 10:20,1.0638
2016.11.22 10:20,1.0621
2016.11.22 10:20,1.0639
2016.11.22 10:20,1.0622
2016.11.22 09:44,1.0622
2016.11.22 09:44,1.0612
2016.11.22 09:44,1.0622
2016.11.22 09:44,1.0616
2016.11.22 09:07,1.0616
2016.11.22 09:07,1.0605
2016.11.22 09:07,1.0619
2016.11.22 09:07,1.0619
2016.11.22 08:31,1.0619
2016.11.22 08:31,1.0614
2016.11.22 08:31,1.0626
2016.11.22 08:31,1.0625
2016.11.22 07:54,1.0625
2016.11.22 07:54,1.0623
2016.11.22 07:54,1.0633
2016.11.22 07:54,1.0629
2016.11.22 07:18,1.0629
2016.11.22 07:18,1.0625
2016.11.22 07:18,1.0633
2016.11.22 07:18,1.0625
2016.11.22 06:41,1.0625
2016.11.22 06:41,1.0624
2016.11.22 06:41,1.0632
2016.11.22 06:41,1.0631
2016.11.22 06:05,1.0631
2016.11.22 06:05,1.0627
2016.11.22 06:05,1.0632
2016.11.22 06:05,1.0629
2016.11.22 05:28,1.0629
2016.11.22 05:28,1.0626
2016.11.22 05:28,1.0634
2016.11.22 05:28,1.0626
2016.11.22 04:52,1.0626
2016.11.22 04:52,1.0625
2016.11.22 04:52,1.0631
2016.11.22 04:52,1.0627
2016.11.22 04:15,1.0627
2016.11.22 04:15,1.0626
2016.11.22 04:15,1.0635
2016.11.22 04:15,1.063
2016.11.22 03:39,1.063
2016.11.22 03:39,1.0629
2016.11.22 03:39,1.0644
2016.11.22 03:39,1.0643
2016.11.22 03:02,1.0643
2016.11.22 03:02,1.0637
2016.11.22 03:02,1.0646
2016.11.22 03:02,1.0639
2016.11.22 02:26,1.0639
2016.11.22 02:26,1.0634
2016.11.22 02:26,1.065
2016.11.22 02:26,1.0643
2016.11.22 01:49,1.0643
2016.11.22 01:49,1.0634
2016.11.22 01:49,1.0644
2016.11.22 01:49,1.0635
2016.11.22 01:13,1.0635
2016.11.22 01:13,1.0627
2016.11.22 01:13,1.0635
2016.11.22 01:13,1.0629
2016.11.22 00:36,1.0629
2016.11.22 00:36,1.0626
2016.11.22 00:36,1.0636
2016.11.22 00:36,1.0634
2016.11.22 00:00,1.0634
2016.11.22 00:00,1.0625
2016.11.22 00:00,1.0636
2016.11.22 00:00,1.0629
2016.11.21 23:43,1.063
2016.11.21 23:43,1.0626
2016.11.21 23:43,1.063
2016.11.21 23:43,1.0628
2016.11.21 23:07,1.0628
2016.11.21 23:07,1.0625
2016.11.21 23:07,1.064
2016.11.21 23:07,1.0626
2016.11.21 22:30,1.0626
2016.11.21 22:30,1.0617
2016.11.21 22:30,1.0631
2016.11.21 22:30,1.0617
2016.11.21 21:54,1.0617
2016.11.21 21:54,1.0605
2016.11.21 21:54,1.062
2016.11.21 21:54,1.0606
2016.11.21 21:17,1.0606
2016.11.21 21:17,1.0599
2016.11.21 21:17,1.0607
2016.11.21 21:17,1.0602
2016.11.21 20:41,1.0602
2016.11.21 20:41,1.0598
2016.11.21 20:41,1.0606
2016.11.21 20:41,1.0603
2016.11.21 20:04,1.0603
2016.11.21 20:04,1.059
2016.11.21 20:04,1.0605
2016.11.21 20:04,1.0601
2016.11.21 19:28,1.0601
2016.11.21 19:28,1.06
2016.11.21 19:28,1.061
2016.11.21 19:28,1.0608
2016.11.21 18:51,1.0608
2016.11.21 18:51,1.0593
2016.11.21 18:51,1.0614
2016.11.21 18:51,1.0599
2016.11.21 18:15,1.0599
2016.11.21 18:15,1.0599
2016.11.21 18:15,1.0628
2016.11.21 18:15,1.0623
2016.11.21 17:38,1.0623
2016.11.21 17:38,1.0616
2016.11.21 17:38,1.0631
2016.11.21 17:38,1.063
2016.11.21 17:02,1.063
2016.11.21 17:02,1.0624
2016.11.21 17:02,1.0637
2016.11.21 17:02,1.0627
2016.11.21 16:25,1.0627
2016.11.21 16:25,1.0616
2016.11.21 16:25,1.0635
2016.11.21 16:25,1.0619
2016.11.21 15:49,1.0619
2016.11.21 15:49,1.0611
2016.11.21 15:49,1.0643
2016.11.21 15:49,1.064
2016.11.21 15:12,1.064
2016.11.21 15:12,1.0622
2016.11.21 15:12,1.0646
2016.11.21 15:12,1.0629
2016.11.21 14:36,1.0629
2016.11.21 14:36,1.0628
2016.11.21 14:36,1.064
2016.11.21 14:36,1.0634
2016.11.21 13:59,1.0634
2016.11.21 13:59,1.0629
2016.11.21 13:59,1.0647
2016.11.21 13:59,1.0632
2016.11.21 13:23,1.0632
2016.11.21 13:23,1.0618
2016.11.21 13:23,1.0637
2016.11.21 13:23,1.0623
2016.11.21 12:46,1.0623
2016.11.21 12:46,1.0622
2016.11.21 12:46,1.0639
2016.11.21 12:46,1.0639
2016.11.21 12:10,1.0639
2016.11.21 12:10,1.062
2016.11.21 12:10,1.064
2016.11.21 12:10,1.0632
2016.11.21 11:33,1.0632
2016.11.21 11:33,1.0628
2016.11.21 11:33,1.0638
2016.11.21 11:33,1.0634
2016.11.21 10:57,1.0634
2016.11.21 10:57,1.0631
2016.11.21 10:57,1.0649
2016.11.21 10:57,1.0641
2016.11.21 10:20,1.0642
2016.11.21 10:20,1.0625
2016.11.21 10:20,1.0645
2016.11.21 10:20,1.0631
2016.11.21 09:44,1.0631
2016.11.21 09:44,1.0625
2016.11.21 09:44,1.0636
2016.11.21 09:44,1.0625
2016.11.21 09:07,1.0625
2016.11.21 09:07,1.0608
2016.11.21 09:07,1.0629
2016.11.21 09:07,1.0609
2016.11.21 08:31,1.0609
2016.11.21 08:31,1.0602
2016.11.21 08:31,1.0611
2016.11.21 08:31,1.0602
2016.11.21 07:54,1.0602
2016.11.21 07:54,1.0597
2016.11.21 07:54,1.0603
2016.11.21 07:54,1.0603
2016.11.21 07:18,1.0603
2016.11.21 07:18,1.0595
2016.11.21 07:18,1.0605
2016.11.21 07:18,1.0598
2016.11.21 06:41,1.0598
2016.11.21 06:41,1.0592
2016.11.21 06:41,1.0598
2016.11.21 06:41,1.0594
2016.11.21 06:05,1.0594
2016.11.21 06:05,1.0591
2016.11.21 06:05,1.0599
2016.11.21 06:05,1.0597
2016.11.21 05:28,1.0597
2016.11.21 05:28,1.0588
2016.11.21 05:28,1.0601
2016.11.21 05:28,1.06
2016.11.21 04:52,1.06
2016.11.21 04:52,1.0595
2016.11.21 04:52,1.0607
2016.11.21 04:52,1.0604
2016.11.21 04:15,1.0604
2016.11.21 04:15,1.0603
2016.11.21 04:15,1.0612
2016.11.21 04:15,1.0607
2016.11.21 03:39,1.0607
2016.11.21 03:39,1.0602
2016.11.21 03:39,1.0614
2016.11.21 03:39,1.0609
2016.11.21 03:02,1.0609
2016.11.21 03:02,1.0596
2016.11.21 03:02,1.061
2016.11.21 03:02,1.0603
2016.11.21 02:26,1.0603
2016.11.21 02:26,1.0597
2016.11.21 02:26,1.0611
2016.11.21 02:26,1.06
2016.11.21 01:49,1.06
2016.11.21 01:49,1.058
2016.11.21 01:49,1.06
2016.11.21 01:49,1.058
2016.11.21 01:13,1.058
2016.11.21 01:13,1.0579
2016.11.21 01:13,1.0587
2016.11.21 01:13,1.0586
2016.11.21 00:36,1.0586
2016.11.21 00:36,1.0585
2016.11.21 00:36,1.0591
2016.11.21 00:36,1.0591
2016.11.21 00:00,1.0591
2016.11.21 00:00,1.0587
2016.11.21 00:00,1.0594
2016.11.21 00:00,1.0594
2016.11.20 23:39,1.0594
2016.11.20 23:39,1.0592
2016.11.20 23:39,1.0596
2016.11.20 23:39,1.0595
2016.11.20 23:02,1.0595
2016.11.20 23:02,1.0593
2016.11.20 23:02,1.0601
2016.11.20 23:02,1.06
2016.11.20 22:26,1.06
2016.11.20 22:26,1.0598
2016.11.20 22:26,1.0606
2016.11.20 22:26,1.0605
2016.11.20 21:49,1.0605
2016.11.20 21:49,1.0592
2016.11.20 21:49,1.0612
2016.11.20 21:49,1.0603
2016.11.20 21:13,1.0603
2016.11.20 21:13,1.0601
2016.11.20 21:13,1.0606
2016.11.20 21:13,1.0602
2016.11.20 20:36,1.0602
2016.11.20 20:36,1.0594
2016.11.20 20:36,1.0614
2016.11.20 20:36,1.0613
2016.11.20 20:00,1.0613
2016.11.20 20:00,1.0591
2016.11.20 20:00,1.0615
2016.11.20 20:00,1.0593
2016.11.18 23:43,1.0588
2016.11.18 23:43,1.0586
2016.11.18 23:43,1.0597
2016.11.18 23:43,1.0597
2016.11.18 23:07,1.0597
2016.11.18 23:07,1.059
2016.11.18 23:07,1.0597
2016.11.18 23:07,1.0596
2016.11.18 22:30,1.0596
2016.11.18 22:30,1.0586
2016.11.18 22:30,1.0597
2016.11.18 22:30,1.0595
2016.11.18 21:54,1.0595
2016.11.18 21:54,1.0592
2016.11.18 21:54,1.0604
2016.11.18 21:54,1.0604
2016.11.18 21:17,1.0604
2016.11.18 21:17,1.06
2016.11.18 21:17,1.0607
2016.11.18 21:17,1.0603
2016.11.18 20:41,1.0603
2016.11.18 20:41,1.0593
2016.11.18 20:41,1.0604
2016.11.18 20:41,1.0599
2016.11.18 20:04,1.0599
2016.11.18 20:04,1.0585
2016.11.18 20:04,1.0606
2016.11.18 20:04,1.0589
2016.11.18 19:28,1.0589
2016.11.18 19:28,1.0583
2016.11.18 19:28,1.0595
2016.11.18 19:28,1.0592
2016.11.18 18:51,1.0592
2016.11.18 18:51,1.0588
2016.11.18 18:51,1.06
2016.11.18 18:51,1.0595
2016.11.18 18:15,1.0595
2016.11.18 18:15,1.0571
2016.11.18 18:15,1.0598
2016.11.18 18:15,1.0574
2016.11.18 17:38,1.0574
2016.11.18 17:38,1.0569
2016.11.18 17:38,1.0589
2016.11.18 17:38,1.0572
2016.11.18 17:02,1.0572
2016.11.18 17:02,1.0571
2016.11.18 17:02,1.0606
2016.11.18 17:02,1.06
2016.11.18 16:25,1.06
2016.11.18 16:25,1.0597
2016.11.18 16:25,1.0625
2016.11.18 16:25,1.061
2016.11.18 15:49,1.061
2016.11.18 15:49,1.0601
2016.11.18 15:49,1.0623
2016.11.18 15:49,1.0615
2016.11.18 15:12,1.0615
2016.11.18 15:12,1.0612
2016.11.18 15:12,1.0637
2016.11.18 15:12,1.0631
2016.11.18 14:36,1.0631
2016.11.18 14:36,1.0613
2016.11.18 14:36,1.0643
2016.11.18 14:36,1.0617
2016.11.18 13:59,1.0617
2016.11.18 13:59,1.0615
2016.11.18 13:59,1.0629
2016.11.18 13:59,1.0628
2016.11.18 13:23,1.0628
2016.11.18 13:23,1.0614
2016.11.18 13:23,1.0629
2016.11.18 13:23,1.0615
2016.11.18 12:46,1.0615
2016.11.18 12:46,1.0614
2016.11.18 12:46,1.0625
2016.11.18 12:46,1.0617
2016.11.18 12:10,1.0617
2016.11.18 12:10,1.06
2016.11.18 12:10,1.0623
2016.11.18 12:10,1.0601
2016.11.18 11:33,1.0601
2016.11.18 11:33,1.0598
2016.11.18 11:33,1.0613
2016.11.18 11:33,1.0604
2016.11.18 10:57,1.0604
2016.11.18 10:57,1.0599
2016.11.18 10:57,1.061
2016.11.18 10:57,1.0608
2016.11.18 10:20,1.0608
2016.11.18 10:20,1.0588
2016.11.18 10:20,1.0609
2016.11.18 10:20,1.0591
2016.11.18 09:44,1.0591
2016.11.18 09:44,1.0584
2016.11.18 09:44,1.0614
2016.11.18 09:44,1.0597
2016.11.18 09:07,1.0597
2016.11.18 09:07,1.0584
2016.11.18 09:07,1.0612
2016.11.18 09:07,1.0607
2016.11.18 08:31,1.0607
2016.11.18 08:31,1.0591
2016.11.18 08:31,1.0609
2016.11.18 08:31,1.0599
2016.11.18 07:54,1.0599
2016.11.18 07:54,1.0584
2016.11.18 07:54,1.0602
2016.11.18 07:54,1.0599
2016.11.18 07:18,1.0599
2016.11.18 07:18,1.0599
2016.11.18 07:18,1.0605
2016.11.18 07:18,1.0604
2016.11.18 06:41,1.0604
2016.11.18 06:41,1.06
2016.11.18 06:41,1.0608
2016.11.18 06:41,1.0601
2016.11.18 06:05,1.0601
2016.11.18 06:05,1.0599
2016.11.18 06:05,1.061
2016.11.18 06:05,1.0604
2016.11.18 05:28,1.0604
2016.11.18 05:28,1.0595
2016.11.18 05:28,1.0607
2016.11.18 05:28,1.0597
2016.11.18 04:52,1.0597
2016.11.18 04:52,1.0596
2016.11.18 04:52,1.0601
2016.11.18 04:52,1.0597
2016.11.18 04:15,1.0597
2016.11.18 04:15,1.059
2016.11.18 04:15,1.0602
2016.11.18 04:15,1.0599
2016.11.18 03:39,1.0599
2016.11.18 03:39,1.0588
2016.11.18 03:39,1.0606
2016.11.18 03:39,1.059
2016.11.18 03:02,1.059
2016.11.18 03:02,1.0582
2016.11.18 03:02,1.0615
2016.11.18 03:02,1.0615
2016.11.18 02:26,1.0615
2016.11.18 02:26,1.0605
2016.11.18 02:26,1.0616
2016.11.18 02:26,1.0613
2016.11.18 01:49,1.0613
2016.11.18 01:49,1.0612
2016.11.18 01:49,1.0628
2016.11.18 01:49,1.0621
2016.11.18 01:13,1.0621
2016.11.18 01:13,1.0621
2016.11.18 01:13,1.0629
2016.11.18 01:13,1.0628
2016.11.18 00:36,1.0628
2016.11.18 00:36,1.0624
2016.11.18 00:36,1.0629
2016.11.18 00:36,1.0624
2016.11.18 00:00,1.0624
2016.11.18 00:00,1.0621
2016.11.18 00:00,1.0628
2016.11.18 00:00,1.0626
2016.11.17 23:43,1.0626
2016.11.17 23:43,1.0623
2016.11.17 23:43,1.0628
2016.11.17 23:43,1.0625
2016.11.17 23:07,1.0625
2016.11.17 23:07,1.0621
2016.11.17 23:07,1.063
2016.11.17 23:07,1.0624
2016.11.17 22:30,1.0624
2016.11.17 22:30,1.062
2016.11.17 22:30,1.0626
2016.11.17 22:30,1.0623
2016.11.17 21:54,1.0623
2016.11.17 21:54,1.062
2016.11.17 21:54,1.0628
2016.11.17 21:54,1.0625
2016.11.17 21:17,1.0625
2016.11.17 21:17,1.0623
2016.11.17 21:17,1.0634
2016.11.17 21:17,1.0629
2016.11.17 20:41,1.0629
2016.11.17 20:41,1.0624
2016.11.17 20:41,1.0635
2016.11.17 20:41,1.0634
2016.11.17 20:04,1.0634
2016.11.17 20:04,1.0629
2016.11.17 20:04,1.0644
2016.11.17 20:04,1.0632
2016.11.17 19:28,1.0632
2016.11.17 19:28,1.063
2016.11.17 19:28,1.0657
2016.11.17 19:28,1.0656
2016.11.17 18:51,1.0656
2016.11.17 18:51,1.0652
2016.11.17 18:51,1.0658
2016.11.17 18:51,1.0653
2016.11.17 18:15,1.0653
2016.11.17 18:15,1.0652
2016.11.17 18:15,1.0678
2016.11.17 18:15,1.0677
2016.11.17 17:38,1.0677
2016.11.17 17:38,1.0663
2016.11.17 17:38,1.0682
2016.11.17 17:38,1.0673
2016.11.17 17:02,1.0673
2016.11.17 17:02,1.0669
2016.11.17 17:02,1.0698
2016.11.17 17:02,1.0689
2016.11.17 16:25,1.0689
2016.11.17 16:25,1.0685
2016.11.17 16:25,1.0714
2016.11.17 16:25,1.0714
2016.11.17 15:49,1.0714
2016.11.17 15:49,1.0682
2016.11.17 15:49,1.0715
2016.11.17 15:49,1.0688
2016.11.17 15:12,1.0688
2016.11.17 15:12,1.0682
2016.11.17 15:12,1.0732
2016.11.17 15:12,1.0713
2016.11.17 14:36,1.0713
2016.11.17 14:36,1.0704
2016.11.17 14:36,1.0734
2016.11.17 14:36,1.0733
2016.11.17 13:59,1.0733
2016.11.17 13:59,1.0726
2016.11.17 13:59,1.0746
2016.11.17 13:59,1.0735
2016.11.17 13:23,1.0735
2016.11.17 13:23,1.0728
2016.11.17 13:23,1.0739
2016.11.17 13:23,1.0728
2016.11.17 12:46,1.0728
2016.11.17 12:46,1.0727
2016.11.17 12:46,1.0735
2016.11.17 12:46,1.0728
2016.11.17 12:10,1.0728
2016.11.17 12:10,1.0717
2016.11.17 12:10,1.0732
2016.11.17 12:10,1.0718
2016.11.17 11:33,1.0718
2016.11.17 11:33,1.0716
2016.11.17 11:33,1.0732
2016.11.17 11:33,1.0724
2016.11.17 10:57,1.0724
2016.11.17 10:57,1.0722
2016.11.17 10:57,1.0736
2016.11.17 10:57,1.0727
2016.11.17 10:20,1.0727
2016.11.17 10:20,1.0709
2016.11.17 10:20,1.0727
2016.11.17 10:20,1.0722
2016.11.17 09:44,1.0722
2016.11.17 09:44,1.0702
2016.11.17 09:44,1.0728
2016.11.17 09:44,1.0704
2016.11.17 09:07,1.0704
2016.11.17 09:07,1.0689
2016.11.17 09:07,1.0704
2016.11.17 09:07,1.0689
2016.11.17 08:31,1.0689
2016.11.17 08:31,1.0683
2016.11.17 08:31,1.0695
2016.11.17 08:31,1.0691
2016.11.17 07:54,1.0691
2016.11.17 07:54,1.069
2016.11.17 07:54,1.0702
2016.11.17 07:54,1.0699
2016.11.17 07:18,1.0699
2016.11.17 07:18,1.0698
2016.11.17 07:18,1.0703
2016.11.17 07:18,1.0698
2016.11.17 06:41,1.0698
2016.11.17 06:41,1.0696
2016.11.17 06:41,1.0701
2016.11.17 06:41,1.0696
2016.11.17 06:05,1.0696
2016.11.17 06:05,1.0693
2016.11.17 06:05,1.0697
2016.11.17 06:05,1.0694
2016.11.17 05:28,1.0694
2016.11.17 05:28,1.0692
2016.11.17 05:28,1.0703
2016.11.17 05:28,1.0703
2016.11.17 04:52,1.0703
2016.11.17 04:52,1.0698
2016.11.17 04:52,1.0706
2016.11.17 04:52,1.0699
2016.11.17 04:15,1.0699
2016.11.17 04:15,1.0697
2016.11.17 04:15,1.0704
2016.11.17 04:15,1.0698
2016.11.17 03:39,1.0698
2016.11.17 03:39,1.0697
2016.11.17 03:39,1.0711
2016.11.17 03:39,1.071
2016.11.17 03:02,1.071
2016.11.17 03:02,1.0692
2016.11.17 03:02,1.0715
2016.11.17 03:02,1.0702
2016.11.17 02:26,1.0702
2016.11.17 02:26,1.0701
2016.11.17 02:26,1.0709
2016.11.17 02:26,1.0707
2016.11.17 01:49,1.0707
2016.11.17 01:49,1.0698
2016.11.17 01:49,1.0707
2016.11.17 01:49,1.0704
2016.11.17 01:13,1.0704
2016.11.17 01:13,1.0702
2016.11.17 01:13,1.0712
2016.11.17 01:13,1.0702
2016.11.17 00:36,1.0702
2016.11.17 00:36,1.0693
2016.11.17 00:36,1.0705
2016.11.17 00:36,1.0694
2016.11.17 00:00,1.0694
2016.11.17 00:00,1.0689
2016.11.17 00:00,1.0698
2016.11.17 00:00,1.0691
2016.11.16 23:43,1.0691
2016.11.16 23:43,1.0687
2016.11.16 23:43,1.0691
2016.11.16 23:43,1.0687
2016.11.16 23:07,1.0687
2016.11.16 23:07,1.0682
2016.11.16 23:07,1.0691
2016.11.16 23:07,1.0682
2016.11.16 22:30,1.0682
2016.11.16 22:30,1.0679
2016.11.16 22:30,1.0686
2016.11.16 22:30,1.0685
2016.11.16 21:54,1.0685
2016.11.16 21:54,1.0679
2016.11.16 21:54,1.0691
2016.11.16 21:54,1.0679
2016.11.16 21:17,1.0679
2016.11.16 21:17,1.0667
2016.11.16 21:17,1.0682
2016.11.16 21:17,1.0673
2016.11.16 20:41,1.0673
2016.11.16 20:41,1.067
2016.11.16 20:41,1.068
2016.11.16 20:41,1.0675
2016.11.16 20:04,1.0675
2016.11.16 20:04,1.0674
2016.11.16 20:04,1.0698
2016.11.16 20:04,1.0693
2016.11.16 19:28,1.0693
2016.11.16 19:28,1.0693
2016.11.16 19:28,1.0708
2016.11.16 19:28,1.0707
2016.11.16 18:51,1.0707
2016.11.16 18:51,1.0687
2016.11.16 18:51,1.0714
2016.11.16 18:51,1.0696
2016.11.16 18:15,1.0696
2016.11.16 18:15,1.0675
2016.11.16 18:15,1.0698
2016.11.16 18:15,1.0679
2016.11.16 17:38,1.0679
2016.11.16 17:38,1.0666
2016.11.16 17:38,1.0698
2016.11.16 17:38,1.0698
2016.11.16 17:02,1.0698
2016.11.16 17:02,1.0691
2016.11.16 17:02,1.0714
2016.11.16 17:02,1.0703
2016.11.16 16:25,1.0703
2016.11.16 16:25,1.0695
2016.11.16 16:25,1.0719
2016.11.16 16:25,1.071
2016.11.16 15:49,1.071
2016.11.16 15:49,1.0701
2016.11.16 15:49,1.0722
2016.11.16 15:49,1.0718
2016.11.16 15:12,1.0718
2016.11.16 15:12,1.0698
2016.11.16 15:12,1.0723
2016.11.16 15:12,1.0699
2016.11.16 14:36,1.0699
2016.11.16 14:36,1.0694
2016.11.16 14:36,1.0712
2016.11.16 14:36,1.07
2016.11.16 13:59,1.07
2016.11.16 13:59,1.0688
2016.11.16 13:59,1.0702
2016.11.16 13:59,1.0698
2016.11.16 13:23,1.0698
2016.11.16 13:23,1.0696
2016.11.16 13:23,1.0708
2016.11.16 13:23,1.0705
2016.11.16 12:46,1.0705
2016.11.16 12:46,1.0695
2016.11.16 12:46,1.0712
2016.11.16 12:46,1.0699
2016.11.16 12:10,1.0699
2016.11.16 12:10,1.0698
2016.11.16 12:10,1.0714
2016.11.16 12:10,1.0712
2016.11.16 11:33,1.0712
2016.11.16 11:33,1.0709
2016.11.16 11:33,1.073
2016.11.16 11:33,1.0725
2016.11.16 10:57,1.0725
2016.11.16 10:57,1.0712
2016.11.16 10:57,1.073
2016.11.16 10:57,1.0712
2016.11.16 10:20,1.0713
2016.11.16 10:20,1.0709
2016.11.16 10:20,1.0725
2016.11.16 10:20,1.0716
2016.11.16 09:44,1.0716
2016.11.16 09:44,1.07
2016.11.16 09:44,1.0729
2016.11.16 09:44,1.072
2016.11.16 09:07,1.072
2016.11.16 09:07,1.0716
2016.11.16 09:07,1.0757
2016.11.16 09:07,1.0754
2016.11.16 08:31,1.0754
2016.11.16 08:31,1.0746
2016.11.16 08:31,1.0755
2016.11.16 08:31,1.0748
2016.11.16 07:54,1.0748
2016.11.16 07:54,1.0743
2016.11.16 07:54,1.0753
2016.11.16 07:54,1.0744
2016.11.16 07:18,1.0744
2016.11.16 07:18,1.0742
2016.11.16 07:18,1.0748
2016.11.16 07:18,1.0743
2016.11.16 06:41,1.0743
2016.11.16 06:41,1.0741
2016.11.16 06:41,1.0747
2016.11.16 06:41,1.0744
2016.11.16 06:05,1.0744
2016.11.16 06:05,1.0737
2016.11.16 06:05,1.0749
2016.11.16 06:05,1.0749
2016.11.16 05:28,1.0749
2016.11.16 05:28,1.0747
2016.11.16 05:28,1.0754
2016.11.16 05:28,1.0753
2016.11.16 04:52,1.0753
2016.11.16 04:52,1.0753
2016.11.16 04:52,1.0759
2016.11.16 04:52,1.0759
2016.11.16 04:15,1.0759
2016.11.16 04:15,1.0744
2016.11.16 04:15,1.076
2016.11.16 04:15,1.0746
2016.11.16 03:39,1.0746
2016.11.16 03:39,1.0737
2016.11.16 03:39,1.075
2016.11.16 03:39,1.0749
2016.11.16 03:02,1.0749
2016.11.16 03:02,1.0737
2016.11.16 03:02,1.0749
2016.11.16 03:02,1.074
2016.11.16 02:26,1.074
2016.11.16 02:26,1.0727
2016.11.16 02:26,1.0742
2016.11.16 02:26,1.0727
2016.11.16 01:49,1.0727
2016.11.16 01:49,1.0721
2016.11.16 01:49,1.0727
2016.11.16 01:49,1.0723
2016.11.16 01:13,1.0723
2016.11.16 01:13,1.0719
2016.11.16 01:13,1.0728
2016.11.16 01:13,1.0725
2016.11.16 00:36,1.0725
2016.11.16 00:36,1.0719
2016.11.16 00:36,1.073
2016.11.16 00:36,1.0723
2016.11.16 00:00,1.0723
2016.11.16 00:00,1.0721
2016.11.16 00:00,1.0724
2016.11.16 00:00,1.0722
2016.11.15 23:43,1.0722
2016.11.15 23:43,1.0721
2016.11.15 23:43,1.0725
2016.11.15 23:43,1.0725
2016.11.15 23:07,1.0725
2016.11.15 23:07,1.0724
2016.11.15 23:07,1.0733
2016.11.15 23:07,1.0731
2016.11.15 22:30,1.0731
2016.11.15 22:30,1.0721
2016.11.15 22:30,1.0733
2016.11.15 22:30,1.0722
2016.11.15 21:54,1.0722
2016.11.15 21:54,1.0715
2016.11.15 21:54,1.0724
2016.11.15 21:54,1.0724
2016.11.15 21:17,1.0724
2016.11.15 21:17,1.0717
2016.11.15 21:17,1.0726
2016.11.15 21:17,1.072
2016.11.15 20:41,1.072
2016.11.15 20:41,1.0714
2016.11.15 20:41,1.0733
2016.11.15 20:41,1.0733
2016.11.15 20:04,1.0733
2016.11.15 20:04,1.0728
2016.11.15 20:04,1.0737
2016.11.15 20:04,1.0729
2016.11.15 19:28,1.0729
2016.11.15 19:28,1.0719
2016.11.15 19:28,1.0733
2016.11.15 19:28,1.0721
2016.11.15 18:51,1.0721
2016.11.15 18:51,1.0721
2016.11.15 18:51,1.0732
2016.11.15 18:51,1.073
2016.11.15 18:15,1.073
2016.11.15 18:15,1.0728
2016.11.15 18:15,1.0741
2016.11.15 18:15,1.0734
2016.11.15 17:38,1.0734
2016.11.15 17:38,1.0719
2016.11.15 17:38,1.0747
2016.11.15 17:38,1.0745
2016.11.15 17:02,1.0745
2016.11.15 17:02,1.0723
2016.11.15 17:02,1.0752
2016.11.15 17:02,1.0726
2016.11.15 16:25,1.0726
2016.11.15 16:25,1.0721
2016.11.15 16:25,1.0743
2016.11.15 16:25,1.0734
2016.11.15 15:49,1.0734
2016.11.15 15:49,1.0723
2016.11.15 15:49,1.0743
2016.11.15 15:49,1.0733
2016.11.15 15:12,1.0733
2016.11.15 15:12,1.0732
2016.11.15 15:12,1.0768
2016.11.15 15:12,1.0761
2016.11.15 14:36,1.0761
2016.11.15 14:36,1.0756
2016.11.15 14:36,1.0772
2016.11.15 14:36,1.0766
2016.11.15 13:59,1.0766
2016.11.15 13:59,1.0758
2016.11.15 13:59,1.0773
2016.11.15 13:59,1.0767
2016.11.15 13:23,1.0767
2016.11.15 13:23,1.0766
2016.11.15 13:23,1.0778
2016.11.15 13:23,1.0776
2016.11.15 12:46,1.0776
2016.11.15 12:46,1.077
2016.11.15 12:46,1.0795
2016.11.15 12:46,1.0794
2016.11.15 12:10,1.0794
2016.11.15 12:10,1.0789
2016.11.15 12:10,1.08
2016.11.15 12:10,1.08
2016.11.15 11:33,1.08
2016.11.15 11:33,1.0786
2016.11.15 11:33,1.0813
2016.11.15 11:33,1.0808
2016.11.15 10:57,1.0808
2016.11.15 10:57,1.0792
2016.11.15 10:57,1.0809
2016.11.15 10:57,1.0807
2016.11.15 10:20,1.0807
2016.11.15 10:20,1.0781
2016.11.15 10:20,1.0816
2016.11.15 10:20,1.0782
2016.11.15 09:44,1.0782
2016.11.15 09:44,1.077
2016.11.15 09:44,1.0786
2016.11.15 09:44,1.0775
2016.11.15 09:07,1.0775
2016.11.15 09:07,1.0763
2016.11.15 09:07,1.0781
2016.11.15 09:07,1.0764
2016.11.15 08:31,1.0764
2016.11.15 08:31,1.0748
2016.11.15 08:31,1.0764
2016.11.15 08:31,1.0752
2016.11.15 07:54,1.0752
2016.11.15 07:54,1.0748
2016.11.15 07:54,1.0754
2016.11.15 07:54,1.0749
2016.11.15 07:18,1.0749
2016.11.15 07:18,1.0748
2016.11.15 07:18,1.0754
2016.11.15 07:18,1.0752
2016.11.15 06:41,1.0752
2016.11.15 06:41,1.0745
2016.11.15 06:41,1.0753
2016.11.15 06:41,1.0749
2016.11.15 06:05,1.0749
2016.11.15 06:05,1.0748
2016.11.15 06:05,1.0755
2016.11.15 06:05,1.0753
2016.11.15 05:28,1.0753
2016.11.15 05:28,1.075
2016.11.15 05:28,1.0755
2016.11.15 05:28,1.0753
2016.11.15 04:52,1.0753
2016.11.15 04:52,1.0746
2016.11.15 04:52,1.0754
2016.11.15 04:52,1.0752
2016.11.15 04:15,1.0752
2016.11.15 04:15,1.075
2016.11.15 04:15,1.0757
2016.11.15 04:15,1.0754
2016.11.15 03:39,1.0754
2016.11.15 03:39,1.0753
2016.11.15 03:39,1.0763
2016.11.15 03:39,1.0762
2016.11.15 03:02,1.0762
2016.11.15 03:02,1.0759
2016.11.15 03:02,1.0771
2016.11.15 03:02,1.0764
2016.11.15 02:26,1.0764
2016.11.15 02:26,1.0758
2016.11.15 02:26,1.0771
2016.11.15 02:26,1.0768
2016.11.15 01:49,1.0768
2016.11.15 01:49,1.0745
2016.11.15 01:49,1.077
2016.11.15 01:49,1.075
2016.11.15 01:13,1.075
2016.11.15 01:13,1.0741
2016.11.15 01:13,1.075
2016.11.15 01:13,1.0744
2016.11.15 00:36,1.0744
2016.11.15 00:36,1.0737
2016.11.15 00:36,1.0745
2016.11.15 00:36,1.074
2016.11.15 00:00,1.074
2016.11.15 00:00,1.0736
2016.11.15 00:00,1.074
2016.11.15 00:00,1.0737
2016.11.14 23:43,1.0737
2016.11.14 23:43,1.0736
2016.11.14 23:43,1.074
2016.11.14 23:43,1.074
2016.11.14 23:07,1.074
2016.11.14 23:07,1.0732
2016.11.14 23:07,1.0745
2016.11.14 23:07,1.0732
2016.11.14 22:30,1.0732
2016.11.14 22:30,1.0732
2016.11.14 22:30,1.074
2016.11.14 22:30,1.0738
2016.11.14 21:54,1.0738
2016.11.14 21:54,1.0724
2016.11.14 21:54,1.074
2016.11.14 21:54,1.0729
2016.11.14 21:17,1.0729
2016.11.14 21:17,1.0723
2016.11.14 21:17,1.0742
2016.11.14 21:17,1.0737
2016.11.14 20:41,1.0737
2016.11.14 20:41,1.0737
2016.11.14 20:41,1.0749
2016.11.14 20:41,1.0746
2016.11.14 20:04,1.0746
2016.11.14 20:04,1.0742
2016.11.14 20:04,1.0759
2016.11.14 20:04,1.0742
2016.11.14 19:28,1.0742
2016.11.14 19:28,1.0734
2016.11.14 19:28,1.0754
2016.11.14 19:28,1.0735
2016.11.14 18:51,1.0735
2016.11.14 18:51,1.0718
2016.11.14 18:51,1.0735
2016.11.14 18:51,1.0723
2016.11.14 18:15,1.0723
2016.11.14 18:15,1.0712
2016.11.14 18:15,1.0726
2016.11.14 18:15,1.0716
2016.11.14 17:38,1.0716
2016.11.14 17:38,1.0715
2016.11.14 17:38,1.0727
2016.11.14 17:38,1.0721
2016.11.14 17:02,1.0721
2016.11.14 17:02,1.0709
2016.11.14 17:02,1.0722
2016.11.14 17:02,1.0714
2016.11.14 16:25,1.0714
2016.11.14 16:25,1.0712
2016.11.14 16:25,1.0747
2016.11.14 16:25,1.074
2016.11.14 15:49,1.074
2016.11.14 15:49,1.0739
2016.11.14 15:49,1.0776
2016.11.14 15:49,1.0765
2016.11.14 15:12,1.0765
2016.11.14 15:12,1.0765
2016.11.14 15:12,1.0785
2016.11.14 15:12,1.0776
2016.11.14 14:36,1.0776
2016.11.14 14:36,1.076
2016.11.14 14:36,1.0776
2016.11.14 14:36,1.0764
2016.11.14 13:59,1.0764
2016.11.14 13:59,1.076
2016.11.14 13:59,1.0789
2016.11.14 13:59,1.0788
2016.11.14 13:23,1.0788
2016.11.14 13:23,1.0759
2016.11.14 13:23,1.0788
2016.11.14 13:23,1.0763
2016.11.14 12:46,1.0763
2016.11.14 12:46,1.0756
2016.11.14 12:46,1.0772
2016.11.14 12:46,1.0762
2016.11.14 12:10,1.0762
2016.11.14 12:10,1.0754
2016.11.14 12:10,1.0765
2016.11.14 12:10,1.0763
2016.11.14 11:33,1.0763
2016.11.14 11:33,1.0738
2016.11.14 11:33,1.0765
2016.11.14 11:33,1.0748
2016.11.14 10:57,1.0748
2016.11.14 10:57,1.0728
2016.11.14 10:57,1.0754
2016.11.14 10:57,1.0738
2016.11.14 10:20,1.0738
2016.11.14 10:20,1.0735
2016.11.14 10:20,1.0777
2016.11.14 10:20,1.0775
2016.11.14 09:44,1.0775
2016.11.14 09:44,1.077
2016.11.14 09:44,1.0805
2016.11.14 09:44,1.08
2016.11.14 09:07,1.08
2016.11.14 09:07,1.079
2016.11.14 09:07,1.0806
2016.11.14 09:07,1.0799
2016.11.14 08:31,1.0799
2016.11.14 08:31,1.0781
2016.11.14 08:31,1.08
2016.11.14 08:31,1.0788
2016.11.14 07:54,1.0788
2016.11.14 07:54,1.0783
2016.11.14 07:54,1.08
2016.11.14 07:54,1.0794
2016.11.14 07:18,1.0794
2016.11.14 07:18,1.0778
2016.11.14 07:18,1.0795
2016.11.14 07:18,1.0785
2016.11.14 06:41,1.0785
2016.11.14 06:41,1.0785
2016.11.14 06:41,1.0801
2016.11.14 06:41,1.0798
2016.11.14 06:05,1.0798
2016.11.14 06:05,1.0795
2016.11.14 06:05,1.0801
2016.11.14 06:05,1.0799
2016.11.14 05:28,1.0799
2016.11.14 05:28,1.0796
2016.11.14 05:28,1.0805
2016.11.14 05:28,1.0805
2016.11.14 04:52,1.0805
2016.11.14 04:52,1.0804
2016.11.14 04:52,1.0809
2016.11.14 04:52,1.0806
2016.11.14 04:15,1.0806
2016.11.14 04:15,1.0794
2016.11.14 04:15,1.0806
2016.11.14 04:15,1.0798
2016.11.14 03:39,1.0798
2016.11.14 03:39,1.0786
2016.11.14 03:39,1.08
2016.11.14 03:39,1.0787
2016.11.14 03:02,1.0787
2016.11.14 03:02,1.0773
2016.11.14 03:02,1.0807
2016.11.14 03:02,1.0806
2016.11.14 02:26,1.0806
2016.11.14 02:26,1.0794
2016.11.14 02:26,1.0815
2016.11.14 02:26,1.0815
2016.11.14 01:49,1.0815
2016.11.14 01:49,1.0809
2016.11.14 01:49,1.0826
2016.11.14 01:49,1.0822
2016.11.14 01:13,1.0822
2016.11.14 01:13,1.082
2016.11.14 01:13,1.0837
2016.11.14 01:13,1.0837
2016.11.14 00:36,1.0837
2016.11.14 00:36,1.0835
2016.11.14 00:36,1.084
2016.11.14 00:36,1.0838
2016.11.14 00:00,1.0838
2016.11.14 00:00,1.0833
2016.11.14 00:00,1.084
2016.11.14 00:00,1.0833
2016.11.13 23:39,1.0833
2016.11.13 23:39,1.0829
2016.11.13 23:39,1.0834
2016.11.13 23:39,1.0832
2016.11.13 23:02,1.0832
2016.11.13 23:02,1.083
2016.11.13 23:02,1.0834
2016.11.13 23:02,1.0832
2016.11.13 22:26,1.0832
2016.11.13 22:26,1.0826
2016.11.13 22:26,1.0832
2016.11.13 22:26,1.0832
2016.11.13 21:49,1.0832
2016.11.13 21:49,1.083
2016.11.13 21:49,1.0846
2016.11.13 21:49,1.0831
2016.11.13 21:13,1.0831
2016.11.13 21:13,1.083
2016.11.13 21:13,1.0834
2016.11.13 21:13,1.0833
2016.11.13 20:36,1.0833
2016.11.13 20:36,1.0831
2016.11.13 20:36,1.084
2016.11.13 20:36,1.0835
2016.11.13 20:00,1.0835
2016.11.13 20:00,1.0826
2016.11.13 20:00,1.0853
2016.11.13 20:00,1.0851
2016.11.11 23:43,1.0855
2016.11.11 23:43,1.0854
2016.11.11 23:43,1.0862
2016.11.11 23:43,1.086
2016.11.11 23:07,1.086
2016.11.11 23:07,1.0847
2016.11.11 23:07,1.086
2016.11.11 23:07,1.0847
2016.11.11 22:30,1.0847
2016.11.11 22:30,1.0845
2016.11.11 22:30,1.0849
2016.11.11 22:30,1.0848
2016.11.11 21:54,1.0848
2016.11.11 21:54,1.0843
2016.11.11 21:54,1.0851
2016.11.11 21:54,1.0844
2016.11.11 21:17,1.0844
2016.11.11 21:17,1.0841
2016.11.11 21:17,1.085
2016.11.11 21:17,1.0848
2016.11.11 20:41,1.0848
2016.11.11 20:41,1.0843
2016.11.11 20:41,1.0851
2016.11.11 20:41,1.0851
2016.11.11 20:04,1.0851
2016.11.11 20:04,1.0849
2016.11.11 20:04,1.0858
2016.11.11 20:04,1.0856
2016.11.11 19:28,1.0856
2016.11.11 19:28,1.0832
2016.11.11 19:28,1.0864
2016.11.11 19:28,1.0839
2016.11.11 18:51,1.0839
2016.11.11 18:51,1.083
2016.11.11 18:51,1.0848
2016.11.11 18:51,1.0845
2016.11.11 18:15,1.0845
2016.11.11 18:15,1.0833
2016.11.11 18:15,1.0861
2016.11.11 18:15,1.0848
2016.11.11 17:38,1.0848
2016.11.11 17:38,1.0839
2016.11.11 17:38,1.087
2016.11.11 17:38,1.0866
2016.11.11 17:02,1.0866
2016.11.11 17:02,1.0865
2016.11.11 17:02,1.0879
2016.11.11 17:02,1.0873
2016.11.11 16:25,1.0873
2016.11.11 16:25,1.0868
2016.11.11 16:25,1.0895
2016.11.11 16:25,1.0894
2016.11.11 15:49,1.0894
2016.11.11 15:49,1.0892
2016.11.11 15:49,1.091
2016.11.11 15:49,1.0903
2016.11.11 15:12,1.0903
2016.11.11 15:12,1.0896
2016.11.11 15:12,1.0919
2016.11.11 15:12,1.0897
2016.11.11 14:36,1.0897
2016.11.11 14:36,1.0865
2016.11.11 14:36,1.0906
2016.11.11 14:36,1.0871
2016.11.11 13:59,1.0871
2016.11.11 13:59,1.0867
2016.11.11 13:59,1.088
2016.11.11 13:59,1.0871
2016.11.11 13:23,1.0871
2016.11.11 13:23,1.0867
2016.11.11 13:23,1.0883
2016.11.11 13:23,1.0882
2016.11.11 12:46,1.0882
2016.11.11 12:46,1.0872
2016.11.11 12:46,1.0886
2016.11.11 12:46,1.0877
2016.11.11 12:10,1.0877
2016.11.11 12:10,1.0855
2016.11.11 12:10,1.0877
2016.11.11 12:10,1.0859
2016.11.11 11:33,1.0859
2016.11.11 11:33,1.0854
2016.11.11 11:33,1.0884
2016.11.11 11:33,1.0881
2016.11.11 10:57,1.0881
2016.11.11 10:57,1.0871
2016.11.11 10:57,1.0897
2016.11.11 10:57,1.0878
2016.11.11 10:20,1.0878
2016.11.11 10:20,1.0871
2016.11.11 10:20,1.09
2016.11.11 10:20,1.0897
2016.11.11 09:44,1.0897
2016.11.11 09:44,1.0894
2016.11.11 09:44,1.0914
2016.11.11 09:44,1.0913
2016.11.11 09:07,1.0913
2016.11.11 09:07,1.0905
2016.11.11 09:07,1.0917
2016.11.11 09:07,1.0908
2016.11.11 08:31,1.0908
2016.11.11 08:31,1.0906
2016.11.11 08:31,1.0915
2016.11.11 08:31,1.0912
2016.11.11 07:54,1.0912
2016.11.11 07:54,1.0909
2016.11.11 07:54,1.092
2016.11.11 07:54,1.0911
2016.11.11 07:18,1.0911
2016.11.11 07:18,1.0905
2016.11.11 07:18,1.0912
2016.11.11 07:18,1.0905
2016.11.11 06:41,1.0905
2016.11.11 06:41,1.0902
2016.11.11 06:41,1.0907
2016.11.11 06:41,1.0905
2016.11.11 06:05,1.0905
2016.11.11 06:05,1.0902
2016.11.11 06:05,1.0911
2016.11.11 06:05,1.0903
2016.11.11 05:28,1.0903
2016.11.11 05:28,1.0896
2016.11.11 05:28,1.0904
2016.11.11 05:28,1.0903
2016.11.11 04:52,1.0903
2016.11.11 04:52,1.0902
2016.11.11 04:52,1.0916
2016.11.11 04:52,1.0907
2016.11.11 04:15,1.0907
2016.11.11 04:15,1.089
2016.11.11 04:15,1.0923
2016.11.11 04:15,1.089
2016.11.11 03:39,1.089
2016.11.11 03:39,1.0876
2016.11.11 03:39,1.0891
2016.11.11 03:39,1.0878
2016.11.11 03:02,1.0878
2016.11.11 03:02,1.0876
2016.11.11 03:02,1.0888
2016.11.11 03:02,1.0888
2016.11.11 02:26,1.0888
2016.11.11 02:26,1.0881
2016.11.11 02:26,1.0891
2016.11.11 02:26,1.0885
2016.11.11 01:49,1.0885
2016.11.11 01:49,1.0885
2016.11.11 01:49,1.0891
2016.11.11 01:49,1.0889
2016.11.11 01:13,1.0889
2016.11.11 01:13,1.0884
2016.11.11 01:13,1.0891
2016.11.11 01:13,1.0886
2016.11.11 00:36,1.0886
2016.11.11 00:36,1.0881
2016.11.11 00:36,1.0888
2016.11.11 00:36,1.0887
2016.11.11 00:00,1.0887
2016.11.11 00:00,1.0882
2016.11.11 00:00,1.0897
2016.11.11 00:00,1.0893